NAME,URL
ᴺᶻ EXEL. ꁴ.,https://drive.google.com/drive/folders/12P7ROX3SQYYM3rt05VLcaCV36ltXMMfM?usp=sharing
윤 YOON,https://drive.google.com/drive/folders/1HoalrvsufItpH0FyXlp0R84IRPAWBjuF?usp=sharing
Yaya,https://drive.google.com/drive/folders/1pbHIQ3FetBZPatj4Va_IGKdYxUMbOauQ
지은 Blair,https://drive.google.com/drive/folders/1gzjWXhDoljhFDCgVRMA9MSa2n3humHHh?usp=sharing
NOOKI,https://drive.google.com/drive/folders/18OX9-hFA5SRfPOjLECJhi1UvV8uBajt4
MIKA MEW,https://drive.google.com/drive/folders/13VghU-Ttx8zp5U6C38UZjzzxqoYdcYwy?usp=sharing
LOVEMARIE,https://drive.google.com/drive/folders/1K-8CmfHrKsEKM_oyPAFUSfhD6JziXoeN?usp=sharing
Λᴋʜʀɪ ᴘᴀsᴛΛ,https://drive.google.com/drive/folders/1Zu3qgjJBiavFVeu73PiNh9X_zeI1pVh9
뽀삐 | Poppy,https://drive.google.com/drive/folders/1uBYonn_2HEWv6kdhHH2Um7b28NQcuAOn?usp=sharing
SXOUDA,https://drive.google.com/drive/folders/1HXuGRl7HoQ6u684IYB2VJFqZfLNYuiiF
"ᴺᶻ GIN. ⎊ ",https://drive.google.com/drive/folders/1uoMazK9o_2QEDYO602CX3msIhQi60SLC
REIʸˣʸˡ,https://drive.google.com/drive/folders/19vc_XQIULGwZOJTFF2lYgTdt7hgKwhBX
Lefra,https://drive.google.com/drive/folders/1wqATMtjELqBB8nvMv7HxG_2Ejmz3IMFJ?usp=sharing
ᴋᴀᴛᴛʏ,https://drive.google.com/drive/folders/14CvjQlDYqPsLqNPTkIdK7MEbYl5IglC9?usp=sharing
JOYAʸˣʸˡ,https://drive.google.com/drive/folders/1OKZUlclwTj2Kw9zlySmBJ9DcxKudINZ0?usp=sharing