이름,URL
봄단풍 BDP,https://drive.google.com/drive/u/1/folders/1JjYEPIO6maBGmh2FGhVVpbqXZCslNrvD
MIES,https://drive.google.com/drive/u/1/folders/1J6NQi3ZP7V9A3UqXM5rSTiSmbRryJv9k
chacha,https://drive.google.com/drive/u/1/folders/1gsNER9I9w2uKY8K8AI4QUyVeLpPVAea1
onggeulda 옹글다,https://drive.google.com/drive/u/1/folders/1UkDekiGO6KKSP6Mqm1IXcvOVxUa5j_Or
M00N9,https://drive.google.com/drive/u/1/folders/15BX2JOu2tNiDF2oWf5DuHiJev2LP1m9z
오키드 ⁹⁹⁹,https://drive.google.com/drive/u/1/folders/1UFsouxI5LxEiHmzIFemL9MZtyssdbL3M
ᴺᴱᴺᴱ,https://drive.google.com/drive/u/1/folders/13LYsBPn0NAFtzrJe_4mLwDkLmHLM26YA
LOAH,https://drive.google.com/drive/u/1/folders/1VL-OIGFxu64eifuujqGJXzDu8U7n7lq8
모노 MONO,https://drive.google.com/drive/u/1/folders/14ZXY5gF6FMjPWJFVZhrChj9uPidBVa0b
borico,https://drive.google.com/drive/u/1/folders/1uTPV9HeTKh0Jor5EIaG821H4UHEvG2QM
Ciel,https://drive.google.com/drive/u/1/folders/1pj20zlDQNo81dSDDWtFWKlHdyvM57o-d
降雨 강우,https://drive.google.com/drive/u/1/folders/1LNVKFacHa8aX8wEfOWKfnrMItGlSPZcA
Hello S,https://drive.google.com/drive/u/1/folders/1sVvMN7_1WCDJQ7psSlCwWNKdxcW8XLeC
CHECKMATE,https://drive.google.com/drive/u/1/folders/1TGbrWVCW_rO8ZOt9skEjD6vjiDv-o0Gc
chenko,https://drive.google.com/drive/u/1/folders/1UVNe-1zrlHKod_y15CrHeM-KP4hwSCdj
란델 Randel,https://drive.google.com/drive/u/1/folders/1878UJ0Z6F6QQyLe_ZUSkDvnph31IxdOY
HYDNEW,https://drive.google.com/drive/u/1/folders/1NAdkzmXlYVFirEgt6D5ztJNtQETsFQ_K
묘,https://drive.google.com/drive/u/1/folders/19pDAlQdvzvpgrcZzKzpDe3j9TMhNKTNt
heev🎀히브,https://drive.google.com/drive/u/1/folders/1TyH7gkp8e-DKZsAhgoUswUP3ELq7YBE0
TEN,https://drive.google.com/drive/u/1/folders/1ySKOylCVwscKcF9m-lNxV4C-WuXBNLpV
✿ᴵᶠ봄이 Aliceᶜᵒ· ᴮᵒᵐˢᵗᵘᵈᶦᵒ,https://drive.google.com/drive/u/1/folders/1oXXOA2IV_Eq5FmciXsfklOpLaUxup6VK
그레이스J,https://drive.google.com/drive/u/1/folders/19zk-sy1J4CrciNXa7YsgzhxeWRzBRPp2
⋆nana⋆ʕ◍·̀Ⱉ·́◍ʔ⋆,https://drive.google.com/drive/u/1/folders/1fnh1KMr5t6HfzDAxqghTa8OtzXf6_93c
jelly,https://drive.google.com/drive/u/1/folders/1_aKqye0eIugD1Krmame4_7WwK7O87VwR
혜월,https://drive.google.com/drive/u/1/folders/1LRqM0sX8VgWDdbndnU_GkAUN0mEkorQ0
REIKI,https://drive.google.com/drive/u/1/folders/19e0Iwxqjg0CXZTAI9uxUBi7Gdr8ondKp
오리ORI,https://drive.google.com/drive/u/1/folders/1QnXQDlWRYwEfimwNzyLeZQJQb20J8m6-